user_id,name,email,signup_date,is_active
f1d015b4-2a94-4bd8-85a4-1ce13333d669,User_0,user0@example.com,2025-07-20 20:27:34,True
75b3dc63-294a-417b-9dbb-05b6b1fb675e,User_1,user1@example.com,2025-07-20 20:27:34,False
8f974805-1340-4e5a-8f45-69ce0bebd17c,User_2,user2@example.com,2025-07-20 20:27:34,True
3c5d327b-32b5-4471-b1e7-a13112739ba7,User_3,user3@example.com,2025-07-20 20:27:34,False
ab1a4108-dc8c-4951-9b44-de29bbcf6974,User_4,user4@example.com,2025-07-20 20:27:34,True
8a9fcd0b-9e60-4087-b929-78bb6ae87af4,User_5,user5@example.com,2025-07-20 20:27:34,False
bbb4ffb7-b874-4378-8b84-19522a4bae78,User_6,user6@example.com,2025-07-20 20:27:34,True
e25c82ac-b029-413b-b9bc-77e2d57326e2,User_7,user7@example.com,2025-07-20 20:27:34,False
165aaa0a-6733-4a0e-9463-c5ab9b300077,User_8,user8@example.com,2025-07-20 20:27:34,True
df16d6eb-91f0-4e8f-b2cf-279d39755e7e,User_9,user9@example.com,2025-07-20 20:27:34,False
ad2fd83b-007b-4f0d-8b05-41dbdd9f50c6,User_10,user10@example.com,2025-07-20 20:27:34,True
7de3a2ef-76f9-478f-9477-fd5926added3,User_11,user11@example.com,2025-07-20 20:27:34,False
c7298c53-9837-42d0-9534-3b3a0f23b5ec,User_12,user12@example.com,2025-07-20 20:27:34,True
e4419952-766e-4900-b345-e4ed9d639ea2,User_13,user13@example.com,2025-07-20 20:27:34,False
dd41a6cb-04ee-44be-8a00-259400f9bc67,User_14,user14@example.com,2025-07-20 20:27:34,True
6288d636-b329-4b52-b365-50ee32205f6c,User_15,user15@example.com,2025-07-20 20:27:34,False
21633aad-7642-49a0-8a22-30834e477677,User_16,user16@example.com,2025-07-20 20:27:34,True
b719ef84-19aa-42d7-8cba-f27c6dc829f5,User_17,user17@example.com,2025-07-20 20:27:34,False
aa884d6d-91ca-4aba-9886-6fe26bac3ad4,User_18,user18@example.com,2025-07-20 20:27:34,True
c7439bc4-0a3c-4b4a-b15c-011078ca8912,User_19,user19@example.com,2025-07-20 20:27:34,False
b5a4d947-d3c6-498c-996d-8771997dcf1a,User_20,user20@example.com,2025-07-20 20:27:34,True
84490ad2-22c4-4316-8fc8-b30c2f06bf21,User_21,user21@example.com,2025-07-20 20:27:34,False
5df37969-df14-478f-bee7-857b2121795a,User_22,user22@example.com,2025-07-20 20:27:34,True
308312e7-5f6b-4a9f-af6a-ad816bb11d53,User_23,user23@example.com,2025-07-20 20:27:34,False
47c18573-13b6-4919-87de-e0af884bf1d9,User_24,user24@example.com,2025-07-20 20:27:34,True
82279212-7c28-4bf5-867a-c53507c2cd66,User_25,user25@example.com,2025-07-20 20:27:34,False
616c82b2-faa2-4b63-93cd-74b0e579e939,User_26,user26@example.com,2025-07-20 20:27:34,True
9dddd384-19b5-4a9c-8902-dcf8cfd2db6c,User_27,user27@example.com,2025-07-20 20:27:34,False
8cb9c5e7-c425-49d5-928c-3a2ab581fa1e,User_28,user28@example.com,2025-07-20 20:27:34,True
a0b438c2-5b14-4918-8de9-7d8263fdc037,User_29,user29@example.com,2025-07-20 20:27:34,False
b80f955b-13ae-4550-b822-1642ec7d9e65,User_30,user30@example.com,2025-07-20 20:27:34,True
100d780d-832d-4c5c-991d-f5fa62207cc2,User_31,user31@example.com,2025-07-20 20:27:34,False
97b9e881-59e8-4b45-96ec-ab78447ef03a,User_32,user32@example.com,2025-07-20 20:27:34,True
7a690160-5a5e-42fa-a2fa-b4b56629134b,User_33,user33@example.com,2025-07-20 20:27:34,False
7f349f99-f295-4ff4-bdd4-b5462767f5b8,User_34,user34@example.com,2025-07-20 20:27:34,True
7e55caa4-1ab1-44b7-ba97-124c71b55be8,User_35,user35@example.com,2025-07-20 20:27:34,False
10a4cc73-e0c5-4cf2-89d3-3fa6ef5a7d41,User_36,user36@example.com,2025-07-20 20:27:34,True
ba2a9b98-b023-4beb-921e-2016e6fb5ae0,User_37,user37@example.com,2025-07-20 20:27:34,False
736d1aa9-f804-4f07-8f7b-589f326ceb7f,User_38,user38@example.com,2025-07-20 20:27:34,True
b03bbf69-81cc-4fb0-908a-d59207deb572,User_39,user39@example.com,2025-07-20 20:27:34,False
9363a1b9-3a98-407b-8ca5-e9a7d3964c09,User_40,user40@example.com,2025-07-20 20:27:34,True
613cd3e4-cb09-4b12-9aeb-6abcf73be661,User_41,user41@example.com,2025-07-20 20:27:34,False
b6fd417c-80bc-4e59-a803-4f775863b0ea,User_42,user42@example.com,2025-07-20 20:27:34,True
3b1f16a8-250b-4a8d-864b-84cb48a2d8c4,User_43,user43@example.com,2025-07-20 20:27:34,False
cd16ad14-2e3a-45be-abde-9f85f7681d7b,User_44,user44@example.com,2025-07-20 20:27:34,True
1738988b-8d5f-4b98-bca0-905c7c0519cb,User_45,user45@example.com,2025-07-20 20:27:34,False
b5fb11f6-a7f5-4c29-848b-92f306b20ac5,User_46,user46@example.com,2025-07-20 20:27:34,True
c0e855cd-ce9f-43d1-a2cc-b7f0b5b3976c,User_47,user47@example.com,2025-07-20 20:27:34,False
e082e20c-ad81-4745-a700-7ece74bc1f3c,User_48,user48@example.com,2025-07-20 20:27:34,True
c46d7fae-74af-4edf-811c-a0ba8acf09b5,User_49,user49@example.com,2025-07-20 20:27:34,False
66da81f9-6498-4ae7-b955-e29a281e7535,User_50,user50@example.com,2025-07-20 20:27:34,True
011858e5-bbfd-492f-b31d-056d0c784ee4,User_51,user51@example.com,2025-07-20 20:27:34,False
f40c5cfe-4d6b-4b24-8f23-7fbfaec28230,User_52,user52@example.com,2025-07-20 20:27:34,True
8c1417f3-c53f-48d3-9dd3-382ce1e9225c,User_53,user53@example.com,2025-07-20 20:27:34,False
53dc0125-170b-44ed-b88e-bd2b3af646ef,User_54,user54@example.com,2025-07-20 20:27:34,True
25a5879a-1999-4dfc-a8b2-6d683eb41667,User_55,user55@example.com,2025-07-20 20:27:34,False
9ef56b72-ddcf-4670-bfa6-f24661a49b6d,User_56,user56@example.com,2025-07-20 20:27:34,True
61825735-ceff-4166-937a-f83114fdbe6c,User_57,user57@example.com,2025-07-20 20:27:34,False
80ba3369-1052-4c55-9332-9ac4ec8f809c,User_58,user58@example.com,2025-07-20 20:27:34,True
c56f4f23-9717-4e20-8d03-ac4db3e63adb,User_59,user59@example.com,2025-07-20 20:27:34,False
de8c483a-aa05-468e-a46d-8b099e267104,User_60,user60@example.com,2025-07-20 20:27:34,True
d2639612-cc1e-4e6d-bef9-1b419fb2c9a1,User_61,user61@example.com,2025-07-20 20:27:34,False
7778238c-07f2-451e-8309-b2379740987c,User_62,user62@example.com,2025-07-20 20:27:34,True
07d72efd-07d1-493a-9093-0d18bd632cc4,User_63,user63@example.com,2025-07-20 20:27:34,False
5626e9e2-b558-434a-89ef-773c71925afe,User_64,user64@example.com,2025-07-20 20:27:34,True
a30ec51a-0229-4069-bc31-549b2fd6e295,User_65,user65@example.com,2025-07-20 20:27:34,False
b34061ba-a53d-4f0e-b796-cf776456f8f2,User_66,user66@example.com,2025-07-20 20:27:34,True
682ff894-f0fc-4f57-b94f-bee2e2fb49be,User_67,user67@example.com,2025-07-20 20:27:34,False
8509c486-6952-4330-ab06-b76a5d50348d,User_68,user68@example.com,2025-07-20 20:27:34,True
5468bd88-71f2-48cf-b01b-56dbdba6d559,User_69,user69@example.com,2025-07-20 20:27:34,False
0c241555-58c9-4e50-96c0-a618824b0ffd,User_70,user70@example.com,2025-07-20 20:27:34,True
14f2e9e8-5a21-4541-b6cd-c5c6eaf4dd5a,User_71,user71@example.com,2025-07-20 20:27:34,False
3bb97362-389e-4442-ba3e-c2bebdb664da,User_72,user72@example.com,2025-07-20 20:27:34,True
461d3e76-3d63-40a6-8a66-6daf339386e6,User_73,user73@example.com,2025-07-20 20:27:34,False
6d5d132b-adb4-4361-83bd-5e6ca843d0df,User_74,user74@example.com,2025-07-20 20:27:34,True
a44f0c3a-00e6-4916-b749-7d9045c4b46d,User_75,user75@example.com,2025-07-20 20:27:34,False
d5f29f04-b9dc-4adf-a7ed-552d0bb22db7,User_76,user76@example.com,2025-07-20 20:27:34,True
f31318bf-4018-40d5-a440-111c98cec79f,User_77,user77@example.com,2025-07-20 20:27:34,False
78fa5f04-a183-43ca-9527-1ada91b6a393,User_78,user78@example.com,2025-07-20 20:27:34,True
9c3c8f6e-cbfb-4580-8201-5085741cc3cb,User_79,user79@example.com,2025-07-20 20:27:34,False
05649554-b68e-4dd9-8205-f1761e0d0735,User_80,user80@example.com,2025-07-20 20:27:34,True
657b6d34-a1c5-40ce-8ad3-92142778442b,User_81,user81@example.com,2025-07-20 20:27:34,False
d4d4f60b-998b-4334-a881-b1892ef43a29,User_82,user82@example.com,2025-07-20 20:27:34,True
5639e85e-a713-411e-b5ed-5d34744cebec,User_83,user83@example.com,2025-07-20 20:27:34,False
6486ed6a-cbc5-4a8a-9ba7-e19b6fb53794,User_84,user84@example.com,2025-07-20 20:27:34,True
c274be9b-5825-47fd-9e03-ed6aa3ba9d95,User_85,user85@example.com,2025-07-20 20:27:34,False
23c79c76-36b6-4087-8e1b-04e088022ed6,User_86,user86@example.com,2025-07-20 20:27:34,True
656de1c6-bf94-4a90-acaa-0cfb47bf512a,User_87,user87@example.com,2025-07-20 20:27:34,False
b9415a80-107b-4b12-8fcc-06edf18a8321,User_88,user88@example.com,2025-07-20 20:27:34,True
5f510eb2-eae6-4678-a8ec-31fdba23ad5b,User_89,user89@example.com,2025-07-20 20:27:34,False
56961a53-5172-4645-afb8-261003454472,User_90,user90@example.com,2025-07-20 20:27:34,True
6d8f5fe1-c14a-49f2-b909-9d03bb9e967e,User_91,user91@example.com,2025-07-20 20:27:34,False
a4e2f668-3944-4251-860a-e9a851dfcc33,User_92,user92@example.com,2025-07-20 20:27:34,True
30b45102-cfd4-4f69-8fab-2b1cd7c8f5c6,User_93,user93@example.com,2025-07-20 20:27:34,False
943daf04-58c3-416d-9624-ca93c20c3d1a,User_94,user94@example.com,2025-07-20 20:27:34,True
de981bfe-b25f-42be-a279-cb90d41cb74d,User_95,user95@example.com,2025-07-20 20:27:34,False
27606a48-ff9f-4dfd-aadd-9f58b594ccbb,User_96,user96@example.com,2025-07-20 20:27:34,True
d97ceeb4-e7a8-4e71-aade-a83af2b53c91,User_97,user97@example.com,2025-07-20 20:27:34,False
3937de76-dcaa-409d-b1c2-667ade34ef53,User_98,user98@example.com,2025-07-20 20:27:34,True
8e22eff8-6b39-4f1a-8ddf-f51fadf45fd4,User_99,user99@example.com,2025-07-20 20:27:34,False
1b8cd520-b2d8-4c78-9322-22de10a87d55,User_100,user100@example.com,2025-07-20 20:27:34,True
1b901391-4d6a-435e-b82c-127c474c4ef3,User_101,user101@example.com,2025-07-20 20:27:34,False
b9b39706-6c5c-4a7a-9e3d-c3a57228d5b7,User_102,user102@example.com,2025-07-20 20:27:34,True
ab35f06c-4f91-4cdf-8db6-0617d86a219f,User_103,user103@example.com,2025-07-20 20:27:34,False
725003f8-d390-4905-b812-3d91cea8dec0,User_104,user104@example.com,2025-07-20 20:27:34,True
a198f8b8-0129-4095-9519-fa3a2fc86919,User_105,user105@example.com,2025-07-20 20:27:34,False
908195f4-c082-4374-b98a-9a89a5f57f6e,User_106,user106@example.com,2025-07-20 20:27:34,True
544b4267-8f41-456b-a9ed-55b793177c97,User_107,user107@example.com,2025-07-20 20:27:34,False
31e52aab-899c-4249-8d00-6b43dc5df1c0,User_108,user108@example.com,2025-07-20 20:27:34,True
7b77f843-df52-48a8-a9c8-685c2605bd59,User_109,user109@example.com,2025-07-20 20:27:34,False
2243ae83-8b59-4d1a-ad14-8c9293b17370,User_110,user110@example.com,2025-07-20 20:27:34,True
00f60ccf-4657-471e-9e12-820837c391ac,User_111,user111@example.com,2025-07-20 20:27:34,False
60cf3d62-9278-4305-841a-a06a43f31f4f,User_112,user112@example.com,2025-07-20 20:27:34,True
bc158b41-da2f-44a5-925e-a2da4a52dc46,User_113,user113@example.com,2025-07-20 20:27:34,False
ca02e7a3-77cd-414e-b2a1-942f90493e84,User_114,user114@example.com,2025-07-20 20:27:34,True
edcafc6b-3161-4b6a-8916-469cf2a1e6a1,User_115,user115@example.com,2025-07-20 20:27:34,False
aa6253e8-72eb-413b-ac0e-afcbf60425e6,User_116,user116@example.com,2025-07-20 20:27:34,True
9007db19-34c4-42e0-ae41-46442dea4677,User_117,user117@example.com,2025-07-20 20:27:34,False
7bc4dd68-9d49-4869-8098-2a53ee205694,User_118,user118@example.com,2025-07-20 20:27:34,True
628c2447-8717-4989-a999-c2eee6b4698a,User_119,user119@example.com,2025-07-20 20:27:34,False
20ddb709-400c-4dcc-9c94-1370b95eb17d,User_120,user120@example.com,2025-07-20 20:27:34,True
4a708de2-badf-484f-bf77-aca49c632450,User_121,user121@example.com,2025-07-20 20:27:34,False
d92946b0-e53e-4594-82aa-0ae8fdb83079,User_122,user122@example.com,2025-07-20 20:27:34,True
f5eba1f6-39a8-4b78-90ee-3fdd720310d8,User_123,user123@example.com,2025-07-20 20:27:34,False
d866f539-655e-46af-ac59-aad60e44c1fd,User_124,user124@example.com,2025-07-20 20:27:34,True
f9ac1809-304b-4f5f-bd7d-92b593cd5867,User_125,user125@example.com,2025-07-20 20:27:34,False
da724a74-7966-4aa5-9c0a-b68e7c00f5ef,User_126,user126@example.com,2025-07-20 20:27:34,True
7b0ea2a4-36c3-43ed-9a2b-de4c735a32c6,User_127,user127@example.com,2025-07-20 20:27:34,False
69d33907-b051-493b-9b2a-312875f78a79,User_128,user128@example.com,2025-07-20 20:27:34,True
f3ce24c6-4244-4051-aa4a-f762e09e955a,User_129,user129@example.com,2025-07-20 20:27:34,False
3aab7b15-fa06-41e8-8a50-e0c98f532c6d,User_130,user130@example.com,2025-07-20 20:27:34,True
c4fe9ebf-0002-462b-a8c4-aa9bda46d3aa,User_131,user131@example.com,2025-07-20 20:27:34,False
53096b8d-ca48-4126-84a2-f5aa1688ca77,User_132,user132@example.com,2025-07-20 20:27:34,True
071200bd-f762-447c-b94b-b6f509f753c7,User_133,user133@example.com,2025-07-20 20:27:34,False
8d940289-afd3-491b-a15f-af333b60ab3b,User_134,user134@example.com,2025-07-20 20:27:34,True
b3074952-1dcb-4c48-9298-7a06ab0b230c,User_135,user135@example.com,2025-07-20 20:27:34,False
6d2af6bb-361c-4daa-a7fe-ee12bfeb616a,User_136,user136@example.com,2025-07-20 20:27:34,True
b4f6ef9b-8db2-440b-b2e0-9e5942f2eead,User_137,user137@example.com,2025-07-20 20:27:34,False
7928b891-d413-4393-be8f-2f2d287742e5,User_138,user138@example.com,2025-07-20 20:27:34,True
22208496-15b8-408a-b709-49eb4d0f9a95,User_139,user139@example.com,2025-07-20 20:27:34,False
bb998d0a-2c1c-4e67-95bf-dd143036264e,User_140,user140@example.com,2025-07-20 20:27:34,True
3aece909-16fb-4fae-b6ec-efa3f173bd79,User_141,user141@example.com,2025-07-20 20:27:34,False
ebc34348-51e1-406a-b454-032f7d5bc83e,User_142,user142@example.com,2025-07-20 20:27:34,True
80bf6977-065a-494e-a48f-4ef0804d0669,User_143,user143@example.com,2025-07-20 20:27:34,False
69195a97-9c0e-4dfc-91af-b2e45a440dc1,User_144,user144@example.com,2025-07-20 20:27:34,True
1c608390-19b8-44e7-86b1-08b1857da92e,User_145,user145@example.com,2025-07-20 20:27:34,False
29014d5a-40e5-4a49-8305-8df762381a18,User_146,user146@example.com,2025-07-20 20:27:34,True
8928e5f1-699d-4830-b432-9d8642582cd8,User_147,user147@example.com,2025-07-20 20:27:34,False
5ba7750a-ed1b-4a85-b35d-1ea104b9fd1f,User_148,user148@example.com,2025-07-20 20:27:34,True
6f556988-4b31-43f3-ab83-a341fbd48e28,User_149,user149@example.com,2025-07-20 20:27:34,False
4ec81b6d-0d0b-40e4-aaa5-654e4a824f65,User_150,user150@example.com,2025-07-20 20:27:34,True
67b7a296-3c58-4263-9069-645dd4b24e2e,User_151,user151@example.com,2025-07-20 20:27:34,False
3c05b28f-3b1c-420b-bd17-91ad230ce155,User_152,user152@example.com,2025-07-20 20:27:34,True
11c60163-67f6-40cf-811e-9edb292425f0,User_153,user153@example.com,2025-07-20 20:27:34,False
8f3ef78a-0e3c-4f0e-99c4-1a1793e53429,User_154,user154@example.com,2025-07-20 20:27:34,True
489d429a-1cc2-4543-8618-11e16161f075,User_155,user155@example.com,2025-07-20 20:27:34,False
a2af0447-b10b-4ab7-bf19-48de05bdc29e,User_156,user156@example.com,2025-07-20 20:27:34,True
d6765b3a-44f2-48d6-be57-f82e048ebd7d,User_157,user157@example.com,2025-07-20 20:27:34,False
10da6372-6fd6-4930-a205-1ad81f01a666,User_158,user158@example.com,2025-07-20 20:27:34,True
5072de86-4a73-4010-8ee9-384673935594,User_159,user159@example.com,2025-07-20 20:27:34,False
4d87394b-5064-4666-af75-b13f83e6617a,User_160,user160@example.com,2025-07-20 20:27:34,True
9081266e-cc88-4c11-8e77-38cc4d6a72f8,User_161,user161@example.com,2025-07-20 20:27:34,False
f8a5de49-7cb1-4101-ae74-e33b9b9be301,User_162,user162@example.com,2025-07-20 20:27:34,True
4cfeca8d-b327-472e-8589-ec5a6c3607c3,User_163,user163@example.com,2025-07-20 20:27:34,False
93fc46ae-a2e9-441d-8f21-520cf2367044,User_164,user164@example.com,2025-07-20 20:27:34,True
a1624fe6-bfaa-49be-b5db-04fcfc0e0c98,User_165,user165@example.com,2025-07-20 20:27:34,False
c888e8fa-433d-44fd-95ec-a1befd2987ef,User_166,user166@example.com,2025-07-20 20:27:34,True
f722fdd9-0b8e-472e-b2c4-d8a8c8648649,User_167,user167@example.com,2025-07-20 20:27:34,False
a899c9ce-7039-4f3c-b263-076bd8e558f3,User_168,user168@example.com,2025-07-20 20:27:34,True
ef435466-a9e5-48b0-9d9c-2ce8a2bde615,User_169,user169@example.com,2025-07-20 20:27:34,False
0c025438-796d-4139-9c22-aa14df160d10,User_170,user170@example.com,2025-07-20 20:27:34,True
a745e0fa-26be-49f1-b23a-330146953f47,User_171,user171@example.com,2025-07-20 20:27:34,False
5a2dac6c-af78-49e7-b453-931672f7a385,User_172,user172@example.com,2025-07-20 20:27:34,True
014f0c6d-a1cc-419a-9dd9-877b616d1b14,User_173,user173@example.com,2025-07-20 20:27:34,False
2d7e9c82-085d-46bf-8de4-46911be0c33f,User_174,user174@example.com,2025-07-20 20:27:34,True
0021d7e8-86e2-4a5e-a821-7a3c8e6d8dad,User_175,user175@example.com,2025-07-20 20:27:34,False
de9e08a0-cf60-4748-a55c-ec24d8a63f84,User_176,user176@example.com,2025-07-20 20:27:34,True
21a43f1d-b4e7-42ff-b20f-5eb848173872,User_177,user177@example.com,2025-07-20 20:27:34,False
b561efdd-8153-42e1-a97c-53a045a8600d,User_178,user178@example.com,2025-07-20 20:27:34,True
7b40fdc7-10ea-4526-b181-93964a89aeed,User_179,user179@example.com,2025-07-20 20:27:34,False
3faf9439-e5fa-48ee-a407-9f4507107630,User_180,user180@example.com,2025-07-20 20:27:34,True
40a0a91d-c0d4-430c-89be-8ea30ae3daaa,User_181,user181@example.com,2025-07-20 20:27:34,False
222cf90f-91b9-4b0e-891d-4fee3d6379fa,User_182,user182@example.com,2025-07-20 20:27:34,True
1ded94b8-e1ab-4f0f-8e55-d51afe214bbc,User_183,user183@example.com,2025-07-20 20:27:34,False
1dbe784c-ef59-4eed-90f2-81c3b6b41ecd,User_184,user184@example.com,2025-07-20 20:27:34,True
01d76b02-865c-430e-83eb-9e2fdee36019,User_185,user185@example.com,2025-07-20 20:27:34,False
e2217d9a-736a-4278-8449-bd4e5ab5e3b0,User_186,user186@example.com,2025-07-20 20:27:34,True
c754e710-1e08-40f0-8853-4f0518d1fc09,User_187,user187@example.com,2025-07-20 20:27:34,False
650be0ce-3a55-4fd4-8b64-51d17bc30ce4,User_188,user188@example.com,2025-07-20 20:27:34,True
cf43625c-ae76-4ab7-a4ae-c394618903dc,User_189,user189@example.com,2025-07-20 20:27:34,False
37fb20d3-5bfa-4954-9fe5-8cf306019d5c,User_190,user190@example.com,2025-07-20 20:27:34,True
0cffb706-17ab-4c2c-b93d-25daa0afb998,User_191,user191@example.com,2025-07-20 20:27:34,False
edf62201-87c0-4073-bb31-d677e03253bd,User_192,user192@example.com,2025-07-20 20:27:34,True
16a6b203-cd33-431a-8f28-4239acadb96e,User_193,user193@example.com,2025-07-20 20:27:34,False
470d11c3-ed8e-4565-b11e-61c32dab51dd,User_194,user194@example.com,2025-07-20 20:27:34,True
8d912072-c342-4636-a614-3347290cdf22,User_195,user195@example.com,2025-07-20 20:27:34,False
97703734-6f68-4f2a-8554-50b4b512a7d6,User_196,user196@example.com,2025-07-20 20:27:34,True
18c90bb6-5aac-4e58-8e91-1591cb7c7373,User_197,user197@example.com,2025-07-20 20:27:34,False
61d0c088-7eee-4d64-9109-debb8ebd4898,User_198,user198@example.com,2025-07-20 20:27:34,True
0de1fa20-4fa2-4852-b8d0-cdd72b0ef528,User_199,user199@example.com,2025-07-20 20:27:34,False
4dc386f5-3a48-4d37-a175-75f8d2ed55c8,User_200,user200@example.com,2025-07-20 20:27:34,True
521355dc-a674-4c7e-92b4-29eccf66886f,User_201,user201@example.com,2025-07-20 20:27:34,False
ca8b9106-e430-41cf-b2a2-e0a1f38836c0,User_202,user202@example.com,2025-07-20 20:27:34,True
91373620-6012-420c-885a-839361305b60,User_203,user203@example.com,2025-07-20 20:27:34,False
39f15f20-bf41-4fa5-959a-e7e210ec5cd7,User_204,user204@example.com,2025-07-20 20:27:34,True
77b0119a-72c0-4e49-b0f9-ad637400174d,User_205,user205@example.com,2025-07-20 20:27:34,False
1ca2fce2-4e8f-4f09-ab00-ac2536a53698,User_206,user206@example.com,2025-07-20 20:27:34,True
64ea8504-2a5d-4cf8-a6f3-02f43c9a3445,User_207,user207@example.com,2025-07-20 20:27:34,False
aab15686-f0e2-4146-8c90-65bca4551cc6,User_208,user208@example.com,2025-07-20 20:27:34,True
f102d787-ade6-4653-b26e-266c9c315e6c,User_209,user209@example.com,2025-07-20 20:27:34,False
1b563bf7-e630-4368-9968-9c591320ec8f,User_210,user210@example.com,2025-07-20 20:27:34,True
2b3b84fd-f979-4227-8811-9175e48fc90e,User_211,user211@example.com,2025-07-20 20:27:34,False
fc74a229-5b9d-4bd4-aa0d-cf64ed879c01,User_212,user212@example.com,2025-07-20 20:27:34,True
f62b0f59-5561-4c0c-9c56-b21c0ca5b151,User_213,user213@example.com,2025-07-20 20:27:34,False
0824a956-38be-458f-a237-62480345c9d1,User_214,user214@example.com,2025-07-20 20:27:34,True
898d41e6-93ef-4812-b1ff-099c414dcfeb,User_215,user215@example.com,2025-07-20 20:27:34,False
a573d3dd-30eb-408f-a8e1-5f3a74fba876,User_216,user216@example.com,2025-07-20 20:27:34,True
ad02e38c-b3cb-4a46-a038-adf4f9b91bbd,User_217,user217@example.com,2025-07-20 20:27:34,False
9fd09cd8-bdd9-4421-8bef-3a4fb2eafdd9,User_218,user218@example.com,2025-07-20 20:27:34,True
6c1c1d6c-3706-48dc-beca-89ae018a2d58,User_219,user219@example.com,2025-07-20 20:27:34,False
023f92d3-47ea-4aad-a435-3c40393f0eb3,User_220,user220@example.com,2025-07-20 20:27:34,True
339b6f33-aa8e-476b-acf1-0b917b842ab0,User_221,user221@example.com,2025-07-20 20:27:34,False
9a9341fd-42b9-4342-9441-eb2754e6e698,User_222,user222@example.com,2025-07-20 20:27:34,True
bee83e7e-363e-4f84-aa55-14d7e3b83884,User_223,user223@example.com,2025-07-20 20:27:34,False
1238f0bc-e4bb-4947-a193-2e9b177d4014,User_224,user224@example.com,2025-07-20 20:27:34,True
1169de08-1dfa-4183-862b-4723455c1f26,User_225,user225@example.com,2025-07-20 20:27:34,False
33a64c5c-2b8f-4eb6-8645-848f49770737,User_226,user226@example.com,2025-07-20 20:27:34,True
a635e249-f8c2-4172-a5c3-c236da53fcf3,User_227,user227@example.com,2025-07-20 20:27:34,False
10cb1601-82c3-4583-989f-92be11f13602,User_228,user228@example.com,2025-07-20 20:27:34,True
986b8434-d8f1-43c6-9906-23f66622e120,User_229,user229@example.com,2025-07-20 20:27:34,False
a161c6ee-c8eb-4e07-9d8b-595cc9f7c6f0,User_230,user230@example.com,2025-07-20 20:27:34,True
0c153bd9-4516-4256-a8b2-f2a6a1eafab4,User_231,user231@example.com,2025-07-20 20:27:34,False
96704f49-d25f-4a4d-adb8-6cdc4ed7faaa,User_232,user232@example.com,2025-07-20 20:27:34,True
f9fadc09-efa4-481c-a8ba-20e24e419a52,User_233,user233@example.com,2025-07-20 20:27:34,False
e8a5becf-fd91-4d76-825c-ec2ed01516c1,User_234,user234@example.com,2025-07-20 20:27:34,True
8acc98bf-bbb4-42e4-a882-c4e25837c823,User_235,user235@example.com,2025-07-20 20:27:34,False
d32bd569-bb7c-47b0-b354-142d72f2d85d,User_236,user236@example.com,2025-07-20 20:27:34,True
736d34f6-c66d-43ba-acc3-d88d040f69db,User_237,user237@example.com,2025-07-20 20:27:34,False
52317bb5-03a4-4c06-9fe2-994c1ddf4bae,User_238,user238@example.com,2025-07-20 20:27:34,True
1b4fa6c3-3669-449e-aa6e-7e23ecdbe059,User_239,user239@example.com,2025-07-20 20:27:34,False
aefe59b4-b9fd-4ff3-be8b-7e68d1c1235e,User_240,user240@example.com,2025-07-20 20:27:34,True
1a0489d3-9352-45e7-be6a-e73b0f04eee6,User_241,user241@example.com,2025-07-20 20:27:34,False
de46b8f6-d9af-4c64-b989-afd83459edab,User_242,user242@example.com,2025-07-20 20:27:34,True
97c7c808-57f5-49ee-8aab-1f7cf8f8b10c,User_243,user243@example.com,2025-07-20 20:27:34,False
a47d7b55-62e7-4a09-bba9-64ee0096f77d,User_244,user244@example.com,2025-07-20 20:27:34,True
cd41ca64-819a-43d7-9d4b-e39118b68e4a,User_245,user245@example.com,2025-07-20 20:27:34,False
a930095a-7a22-4a13-832c-62bc339e465c,User_246,user246@example.com,2025-07-20 20:27:34,True
85db581b-d944-4642-b72c-3d513eb353dd,User_247,user247@example.com,2025-07-20 20:27:34,False
a45e3d49-35e5-4256-9f1c-a609e0142a7b,User_248,user248@example.com,2025-07-20 20:27:34,True
8362c1b0-4738-46ae-b4bf-285e811e24cf,User_249,user249@example.com,2025-07-20 20:27:34,False
2964fa87-130c-453f-a7c8-f66c0eae82be,User_250,user250@example.com,2025-07-20 20:27:34,True
610e6669-e68f-4438-a2a1-70a33beebe2d,User_251,user251@example.com,2025-07-20 20:27:34,False
793369c7-6a06-4889-ad84-9cee3c031e20,User_252,user252@example.com,2025-07-20 20:27:34,True
018acf43-065e-4be6-87e7-8be053ba0882,User_253,user253@example.com,2025-07-20 20:27:34,False
0e2616af-8ab5-45d8-b843-7e5aa5d0ed24,User_254,user254@example.com,2025-07-20 20:27:34,True
d46aa6c9-9497-4807-9ebf-e401d07eef67,User_255,user255@example.com,2025-07-20 20:27:34,False
c23b77f1-c813-44b6-a568-3c525cbd484b,User_256,user256@example.com,2025-07-20 20:27:34,True
c8deed73-3334-4107-b820-fcbf268c7a98,User_257,user257@example.com,2025-07-20 20:27:34,False
6d861e84-54c1-4fb6-94ed-ad95e8e19b59,User_258,user258@example.com,2025-07-20 20:27:34,True
86e0e8b3-d0a3-48ed-ae27-9fdb2665bb00,User_259,user259@example.com,2025-07-20 20:27:34,False
535d9edc-4d7a-47a9-84ba-f8dcc2d47fec,User_260,user260@example.com,2025-07-20 20:27:34,True
fa4a7d36-28d8-48d2-ae89-605b94484734,User_261,user261@example.com,2025-07-20 20:27:34,False
13029fa7-3c93-4441-b355-b873772dce8d,User_262,user262@example.com,2025-07-20 20:27:34,True
042e7728-52da-493a-aac1-c61b9ca34164,User_263,user263@example.com,2025-07-20 20:27:34,False
a1844c59-6fc2-466f-8226-a6417f8473b1,User_264,user264@example.com,2025-07-20 20:27:34,True
8a640da2-34d2-4f77-b662-351e7131d8ca,User_265,user265@example.com,2025-07-20 20:27:34,False
6a84df88-e7ab-454d-aa69-253c83d015d0,User_266,user266@example.com,2025-07-20 20:27:34,True
f433796a-6131-4600-a093-55d75089f442,User_267,user267@example.com,2025-07-20 20:27:34,False
c3024bb6-0bb5-4436-80f8-da945e701472,User_268,user268@example.com,2025-07-20 20:27:34,True
e0a747c3-7d5c-4af0-b7c3-c890e442086f,User_269,user269@example.com,2025-07-20 20:27:34,False
2a165df8-87a4-4c26-9344-e206d5731967,User_270,user270@example.com,2025-07-20 20:27:34,True
af1896fb-0a16-420e-8ab2-34fd63dc524b,User_271,user271@example.com,2025-07-20 20:27:34,False
d38e605c-eec7-4229-a04d-f3d0ff8c2fbb,User_272,user272@example.com,2025-07-20 20:27:34,True
54372a04-f391-4f66-a5f2-2d85eb976ab4,User_273,user273@example.com,2025-07-20 20:27:34,False
105f0396-6662-4a24-bba4-60556af9d284,User_274,user274@example.com,2025-07-20 20:27:34,True
fcc2cf1d-7776-4db6-b17a-0cb74ffd6524,User_275,user275@example.com,2025-07-20 20:27:34,False
99c2515b-746d-4901-a848-00404557d973,User_276,user276@example.com,2025-07-20 20:27:34,True
85f171fe-bd19-4785-b597-f774f4b5dffe,User_277,user277@example.com,2025-07-20 20:27:34,False
23afdc4e-2fe9-4c55-8a54-b8c77d930af4,User_278,user278@example.com,2025-07-20 20:27:34,True
664011b1-0fc5-4381-bf44-49e501f69d54,User_279,user279@example.com,2025-07-20 20:27:34,False
7aeca81f-468f-46e7-a84b-046b4dd66041,User_280,user280@example.com,2025-07-20 20:27:34,True
eefe6ed8-3b55-4062-a4fa-ef2c5d86ba6b,User_281,user281@example.com,2025-07-20 20:27:34,False
70a6eeee-4ad8-4149-bc3b-84839422ce9e,User_282,user282@example.com,2025-07-20 20:27:34,True
db400ba8-64de-47a3-8f54-b23110879b16,User_283,user283@example.com,2025-07-20 20:27:34,False
d55a5510-c4e4-44d5-b490-39e692564474,User_284,user284@example.com,2025-07-20 20:27:34,True
be8849b1-b587-423c-bb12-4759073755b7,User_285,user285@example.com,2025-07-20 20:27:34,False
709dfc78-39a1-4be8-83a6-742f48c23809,User_286,user286@example.com,2025-07-20 20:27:34,True
80c18416-8148-406b-ac43-6846946c37cd,User_287,user287@example.com,2025-07-20 20:27:34,False
f535e58e-0528-43b5-b7f5-8e2520072d2a,User_288,user288@example.com,2025-07-20 20:27:34,True
c3241509-28fe-4b45-97ed-8d014f4e77ff,User_289,user289@example.com,2025-07-20 20:27:34,False
a295ac7a-387a-4f07-9d63-dc07b4912287,User_290,user290@example.com,2025-07-20 20:27:34,True
67896c08-7a75-43fd-a362-a92de621f7d6,User_291,user291@example.com,2025-07-20 20:27:34,False
f1ca1afb-80d8-488c-8ba3-27ff9c07a894,User_292,user292@example.com,2025-07-20 20:27:34,True
de449e0a-8431-4466-b0e1-31ddf36f77e5,User_293,user293@example.com,2025-07-20 20:27:34,False
8ee044c6-e11c-42ed-8efc-f6d41f5521a0,User_294,user294@example.com,2025-07-20 20:27:34,True
cf32316b-dd68-4518-8551-0adb9150c618,User_295,user295@example.com,2025-07-20 20:27:34,False
756be925-7b3f-4b9e-b7c7-a4c9c861f5b1,User_296,user296@example.com,2025-07-20 20:27:34,True
6a3b8acd-4244-4013-95f0-c081b1d52e11,User_297,user297@example.com,2025-07-20 20:27:34,False
cc714623-83f6-4b43-a611-997fededc4d9,User_298,user298@example.com,2025-07-20 20:27:34,True
51acdf9b-1b33-4a80-b406-d91732c58ebf,User_299,user299@example.com,2025-07-20 20:27:34,False
a379a992-443b-48d6-a846-57d8311ea9c3,User_300,user300@example.com,2025-07-20 20:27:34,True
62035398-b224-4511-8318-24dbcae670cf,User_301,user301@example.com,2025-07-20 20:27:34,False
981058d2-4362-434d-8001-6bd20173ca14,User_302,user302@example.com,2025-07-20 20:27:34,True
68f427bf-8f94-485f-b93f-b5c81910aeb0,User_303,user303@example.com,2025-07-20 20:27:34,False
2cf6d56a-e7f8-47ef-ae34-65a6536966a8,User_304,user304@example.com,2025-07-20 20:27:34,True
9513036d-92e2-4c04-9bf7-f2ca4cb21f0d,User_305,user305@example.com,2025-07-20 20:27:34,False
82c31f02-bbea-4761-a180-f3da0dab1dd2,User_306,user306@example.com,2025-07-20 20:27:34,True
38184b93-9452-4812-8ec3-9cb566c83dba,User_307,user307@example.com,2025-07-20 20:27:34,False
32414f5a-0761-46ad-afb1-1ce228f0f1e7,User_308,user308@example.com,2025-07-20 20:27:34,True
ff61f096-e600-4b77-8f00-fa254911bb12,User_309,user309@example.com,2025-07-20 20:27:34,False
f0767270-700b-44c2-ad22-37ca0c5374bb,User_310,user310@example.com,2025-07-20 20:27:34,True
d13479f5-ca45-4c09-8c98-a763636b8f2b,User_311,user311@example.com,2025-07-20 20:27:34,False
19804264-6288-40ad-81fb-4c4b06176985,User_312,user312@example.com,2025-07-20 20:27:34,True
14007740-8817-4cab-b479-7f37af9b7447,User_313,user313@example.com,2025-07-20 20:27:34,False
982768ff-9d57-42e1-aff2-1ca0c475bd28,User_314,user314@example.com,2025-07-20 20:27:34,True
329b73de-8b75-49d0-b0f1-35dda78d2450,User_315,user315@example.com,2025-07-20 20:27:34,False
063976da-09c9-4220-bb2f-b7a90ac4a7c4,User_316,user316@example.com,2025-07-20 20:27:34,True
bf038296-2d6e-41f1-9621-2d140ade9a6e,User_317,user317@example.com,2025-07-20 20:27:34,False
ea098480-e2dc-47d9-80b4-a8324ca2404c,User_318,user318@example.com,2025-07-20 20:27:34,True
87417c46-6857-4509-9b9e-13b8ec797a37,User_319,user319@example.com,2025-07-20 20:27:34,False
811bae3d-9b37-4a98-9977-945cc397e42a,User_320,user320@example.com,2025-07-20 20:27:34,True
be8df46f-39df-4876-9e01-1aaf2e527936,User_321,user321@example.com,2025-07-20 20:27:34,False
4efe178f-ea8c-4e45-b1b5-db623f296d82,User_322,user322@example.com,2025-07-20 20:27:34,True
ca8cd490-f351-45f7-9099-54047dd6a14a,User_323,user323@example.com,2025-07-20 20:27:34,False
47190278-ad83-4d0a-ad44-fa94b84766bf,User_324,user324@example.com,2025-07-20 20:27:34,True
30065c33-e3f9-4cd9-bbe7-6940a86b3257,User_325,user325@example.com,2025-07-20 20:27:34,False
6bcd7bde-8dff-4a83-9b82-9d5cab1693a3,User_326,user326@example.com,2025-07-20 20:27:34,True
7a0b9260-048e-45c4-94ee-fb7e9bc09c84,User_327,user327@example.com,2025-07-20 20:27:34,False
fc8702ed-9c41-4d0b-9497-5e187620ce30,User_328,user328@example.com,2025-07-20 20:27:34,True
c76b042c-e0a5-4b2e-83be-a1b8a35c23d3,User_329,user329@example.com,2025-07-20 20:27:34,False
f6da7995-f0ef-4362-be54-cb0121abfa45,User_330,user330@example.com,2025-07-20 20:27:34,True
6eba23f3-b9dc-4584-a535-d3efaefe6619,User_331,user331@example.com,2025-07-20 20:27:34,False
58ee0894-e169-4a2f-b684-6a4ede3ad748,User_332,user332@example.com,2025-07-20 20:27:34,True
aff13026-bd6a-4710-8512-8f3f6a8feab2,User_333,user333@example.com,2025-07-20 20:27:34,False
f0a158f7-f43d-42c4-8557-cddafb089b02,User_334,user334@example.com,2025-07-20 20:27:34,True
b7923a14-2fe1-4a7c-93be-c3e290afc728,User_335,user335@example.com,2025-07-20 20:27:34,False
26983906-6c17-4f7c-9004-4e8d2457df4b,User_336,user336@example.com,2025-07-20 20:27:34,True
225a045f-78db-415c-81d7-fd7948e4ba61,User_337,user337@example.com,2025-07-20 20:27:34,False
dd5c5620-6d43-4f05-af9a-51aa9e142e67,User_338,user338@example.com,2025-07-20 20:27:34,True
18524956-d518-466c-8392-67debc939dbb,User_339,user339@example.com,2025-07-20 20:27:34,False
499a1a9a-f518-4de6-8c63-4bd41dc14123,User_340,user340@example.com,2025-07-20 20:27:34,True
0d3fe968-bbda-40cc-8e0a-cc5124c5b593,User_341,user341@example.com,2025-07-20 20:27:34,False
225112c0-8038-4b8f-b15e-a198a682e1b4,User_342,user342@example.com,2025-07-20 20:27:34,True
99403b9c-c74a-4bef-9ee6-f6454d351372,User_343,user343@example.com,2025-07-20 20:27:34,False
a53827d1-cf3f-4d72-b4e1-d64b959ebf39,User_344,user344@example.com,2025-07-20 20:27:34,True
877a5172-d602-448f-868c-69681725d982,User_345,user345@example.com,2025-07-20 20:27:34,False
ed9a37f7-6954-4c4f-8939-c56928e9d4f2,User_346,user346@example.com,2025-07-20 20:27:34,True
93ae53a7-99d1-43ec-93c9-9c647a7458f0,User_347,user347@example.com,2025-07-20 20:27:34,False
f4e72656-6eed-4d9b-bd52-2e4f938a5c85,User_348,user348@example.com,2025-07-20 20:27:34,True
8b21baa7-833d-4b5a-a28e-a97c7f127c20,User_349,user349@example.com,2025-07-20 20:27:34,False
44d9db8b-0bcc-426a-8c70-70910f6f884c,User_350,user350@example.com,2025-07-20 20:27:34,True
d1b12a06-2064-4bc0-9696-6d742b2859ef,User_351,user351@example.com,2025-07-20 20:27:34,False
339a8ac2-db69-4afa-a207-d7f4516f3207,User_352,user352@example.com,2025-07-20 20:27:34,True
904368f7-b011-4e0b-bd52-c38526aa2604,User_353,user353@example.com,2025-07-20 20:27:34,False
2f88fc58-001a-4914-a528-ae8e388b4597,User_354,user354@example.com,2025-07-20 20:27:34,True
a3ef2bc2-9631-4266-8470-5fbde4916e12,User_355,user355@example.com,2025-07-20 20:27:34,False
2257f229-df00-4098-91be-c862e3c57be0,User_356,user356@example.com,2025-07-20 20:27:34,True
c4542ec6-565c-44eb-a698-d5e1b7f9fbfc,User_357,user357@example.com,2025-07-20 20:27:34,False
c6d4eb9b-44ff-44d7-8068-beb86b01f582,User_358,user358@example.com,2025-07-20 20:27:34,True
c11d3516-b8db-42e8-9c70-5a6b560114c4,User_359,user359@example.com,2025-07-20 20:27:34,False
9785d390-27e1-43a2-9f5a-ab2518bf6727,User_360,user360@example.com,2025-07-20 20:27:34,True
dffbc158-558d-4613-9908-9b36733feab1,User_361,user361@example.com,2025-07-20 20:27:34,False
d7957ce3-8c34-473e-8eae-412cd42b11ff,User_362,user362@example.com,2025-07-20 20:27:34,True
c2059bfc-f09a-40d1-8954-4eb2447a3bff,User_363,user363@example.com,2025-07-20 20:27:34,False
f9c3c4bf-176d-4b01-88e7-8a61cc7d2ecf,User_364,user364@example.com,2025-07-20 20:27:34,True
f029eab6-085a-48fa-ae51-08e393dd8e6f,User_365,user365@example.com,2025-07-20 20:27:34,False
25c1e02f-7374-4b8d-9a22-43e1b17945fb,User_366,user366@example.com,2025-07-20 20:27:34,True
9dabf98c-2c91-43af-bf17-55a21fe765c3,User_367,user367@example.com,2025-07-20 20:27:34,False
82148866-ce28-4dfb-9c9f-db3102a7ee72,User_368,user368@example.com,2025-07-20 20:27:34,True
d426cdd1-077f-4467-a010-252009a21346,User_369,user369@example.com,2025-07-20 20:27:34,False
33817250-9ecd-444d-8486-dc85f6191ef0,User_370,user370@example.com,2025-07-20 20:27:34,True
4d440368-536a-4b57-977f-c3badadeb100,User_371,user371@example.com,2025-07-20 20:27:34,False
31abd3ce-a598-44b2-8e73-0d6f291a156e,User_372,user372@example.com,2025-07-20 20:27:34,True
c7aa7263-af73-4767-acbe-f23f29ac6af4,User_373,user373@example.com,2025-07-20 20:27:34,False
260ee5db-b5f2-4f1f-93ea-f78071e69214,User_374,user374@example.com,2025-07-20 20:27:34,True
7272a00a-9d21-47c6-a9c4-e35615ce1451,User_375,user375@example.com,2025-07-20 20:27:34,False
ffb0e7f0-e5ef-47f7-b8fa-25be1de3a8c6,User_376,user376@example.com,2025-07-20 20:27:34,True
05e5a67f-44b4-413b-828e-dc9840019848,User_377,user377@example.com,2025-07-20 20:27:34,False
d2b2cfac-4087-4593-974c-502787a983ba,User_378,user378@example.com,2025-07-20 20:27:34,True
6893476a-80e4-48ba-9901-94aa0c2b1161,User_379,user379@example.com,2025-07-20 20:27:34,False
45192bac-a8ce-4c1e-8943-d1a88564d2e2,User_380,user380@example.com,2025-07-20 20:27:34,True
74b43833-6a8a-4bca-b364-4eb3aa2afcec,User_381,user381@example.com,2025-07-20 20:27:34,False
270c5ef5-c686-46e8-90a3-82aa52a4594d,User_382,user382@example.com,2025-07-20 20:27:34,True
1d10f393-5ba3-40e1-b747-2e3ef631011d,User_383,user383@example.com,2025-07-20 20:27:34,False
7bfb9b6c-0cd3-4664-bc20-effcf2eb3973,User_384,user384@example.com,2025-07-20 20:27:34,True
cd9fd861-be55-4a28-b045-bd1c06992615,User_385,user385@example.com,2025-07-20 20:27:34,False
46cf1e2a-e393-4fba-bf1a-4ea85dcbba14,User_386,user386@example.com,2025-07-20 20:27:34,True
d17b3e26-50db-41da-8741-4349393dd8c3,User_387,user387@example.com,2025-07-20 20:27:34,False
18f30978-770a-4501-82d0-742612eea66f,User_388,user388@example.com,2025-07-20 20:27:34,True
d28471ad-8d39-4e56-8e0b-821000b08cc7,User_389,user389@example.com,2025-07-20 20:27:34,False
450dfff6-4167-4098-a27c-bcf2b0f11346,User_390,user390@example.com,2025-07-20 20:27:34,True
f6e6bfc1-86fe-4404-947d-2df7e57bb861,User_391,user391@example.com,2025-07-20 20:27:34,False
7b16c808-ce83-4341-adfa-fdc4bedecb0e,User_392,user392@example.com,2025-07-20 20:27:34,True
d6f19f1e-6127-4b01-b062-53ef5fbc2a7e,User_393,user393@example.com,2025-07-20 20:27:34,False
36d1eab2-a776-43e1-a506-a7d21d888422,User_394,user394@example.com,2025-07-20 20:27:34,True
9fba4bd2-f76e-41e2-87c5-d20f40a6770b,User_395,user395@example.com,2025-07-20 20:27:34,False
d997aec0-85f9-45b7-99b5-d1c8ed0b530e,User_396,user396@example.com,2025-07-20 20:27:34,True
424f3d60-c3ef-4316-94c5-046640f06c84,User_397,user397@example.com,2025-07-20 20:27:34,False
77973e1e-00b8-4b31-844b-db566e270295,User_398,user398@example.com,2025-07-20 20:27:34,True
7badb15b-869e-4433-834e-8ddb28ba85e5,User_399,user399@example.com,2025-07-20 20:27:34,False
3746734a-c4b9-41b7-a9b7-b1ffbb83b2b4,User_400,user400@example.com,2025-07-20 20:27:34,True
cd7c7dc1-ca93-4dc8-971c-ddb062dd0441,User_401,user401@example.com,2025-07-20 20:27:34,False
159e2b2f-48f5-4f8b-8e58-65ef66e3ec3d,User_402,user402@example.com,2025-07-20 20:27:34,True
9ae92b10-4b2f-42d5-bc35-c821fb3007c7,User_403,user403@example.com,2025-07-20 20:27:34,False
6715b153-ae05-4ff3-a51d-5e3daf23999c,User_404,user404@example.com,2025-07-20 20:27:34,True
01ed1eb4-ec4e-4a49-9dcc-644a4a4b2c54,User_405,user405@example.com,2025-07-20 20:27:34,False
d7e97cf3-823b-4689-afe5-45d036d991c5,User_406,user406@example.com,2025-07-20 20:27:34,True
5f7a0e1f-6d4f-4744-b8ed-2ea44ae0b462,User_407,user407@example.com,2025-07-20 20:27:34,False
acfba321-a98c-4ffd-a9f3-db51efb16047,User_408,user408@example.com,2025-07-20 20:27:34,True
ee492e81-4759-40b2-a538-81c4a356102f,User_409,user409@example.com,2025-07-20 20:27:34,False
c9043395-5e8a-4ca0-b7a5-8d39284cb339,User_410,user410@example.com,2025-07-20 20:27:34,True
43ca3364-994c-4e10-805a-57e297807427,User_411,user411@example.com,2025-07-20 20:27:34,False
318a0114-64a5-4890-9b8f-210c81e29c99,User_412,user412@example.com,2025-07-20 20:27:34,True
5ee54e12-f335-4c0d-8d31-c43ef161bafa,User_413,user413@example.com,2025-07-20 20:27:34,False
407b8688-9abc-4fa1-8611-efc1af711ea4,User_414,user414@example.com,2025-07-20 20:27:34,True
9755c999-35b0-4e09-87b9-3dbbe71b1931,User_415,user415@example.com,2025-07-20 20:27:34,False
518edd14-3bb1-4ef2-962c-4892495ed2f8,User_416,user416@example.com,2025-07-20 20:27:34,True
28890069-058c-4d58-87f2-dd8e03ad39fc,User_417,user417@example.com,2025-07-20 20:27:34,False
2c67c8d8-0e93-483c-8f81-eb3f3e50bb9b,User_418,user418@example.com,2025-07-20 20:27:34,True
bf8453b3-ebef-43f3-9a77-faa22318103f,User_419,user419@example.com,2025-07-20 20:27:34,False
ea1bf8af-e516-4cbe-a1b4-82dabe91f69a,User_420,user420@example.com,2025-07-20 20:27:34,True
7119dc47-d18c-4c4a-9a74-915ea751aeb2,User_421,user421@example.com,2025-07-20 20:27:34,False
e1590061-8df7-473e-ad00-c6c1634e4705,User_422,user422@example.com,2025-07-20 20:27:34,True
2b99fe2e-754a-460c-be2e-11a254497393,User_423,user423@example.com,2025-07-20 20:27:34,False
c8e1fed2-04a9-438e-877d-eb5528d21c33,User_424,user424@example.com,2025-07-20 20:27:34,True
e8107825-c851-4f8a-8d89-e20c3673163b,User_425,user425@example.com,2025-07-20 20:27:34,False
c8c3cf9f-6389-4817-974b-d226b0e63c37,User_426,user426@example.com,2025-07-20 20:27:34,True
9e70c5ef-b92e-4ede-98f1-20c6954e95d5,User_427,user427@example.com,2025-07-20 20:27:34,False
4ebc45be-76fd-47dc-bad6-78347495a3a8,User_428,user428@example.com,2025-07-20 20:27:34,True
33308a05-e16f-4e02-b7ca-1ba260790c3e,User_429,user429@example.com,2025-07-20 20:27:34,False
e5110830-a0b5-4803-938c-14eb669bc358,User_430,user430@example.com,2025-07-20 20:27:34,True
ddf17312-5535-4d20-890e-1ea5cacc51c2,User_431,user431@example.com,2025-07-20 20:27:34,False
390a039c-008b-4cf4-a558-266962af4416,User_432,user432@example.com,2025-07-20 20:27:34,True
a5ed134b-2428-43a4-b3a1-670cde18beab,User_433,user433@example.com,2025-07-20 20:27:34,False
cf336575-a274-4a34-8a0f-9b93c5f702dc,User_434,user434@example.com,2025-07-20 20:27:34,True
e9a6dbe2-d6f4-40ab-b28b-ff3ef4545e63,User_435,user435@example.com,2025-07-20 20:27:34,False
1e1599af-da38-426e-9542-2d4197aa8fd2,User_436,user436@example.com,2025-07-20 20:27:34,True
bb1a0ad6-5f61-48ea-a294-bc93a83a20bd,User_437,user437@example.com,2025-07-20 20:27:34,False
b3be3fec-beea-4ada-bb30-48abaf8771f8,User_438,user438@example.com,2025-07-20 20:27:34,True
eee5a529-88c2-469d-9ed2-e585b131fbd1,User_439,user439@example.com,2025-07-20 20:27:34,False
13a987df-84df-4201-a233-5297b2636e52,User_440,user440@example.com,2025-07-20 20:27:34,True
5d89ed88-e083-4c03-8e5e-d015ca50a9d9,User_441,user441@example.com,2025-07-20 20:27:34,False
d6016bfb-48b0-4643-864b-77f6cf52b700,User_442,user442@example.com,2025-07-20 20:27:34,True
790ef792-f28a-487f-a974-427e75e5b4aa,User_443,user443@example.com,2025-07-20 20:27:34,False
753c9407-5ddc-40b0-b2c7-25e335c1d1b2,User_444,user444@example.com,2025-07-20 20:27:34,True
f2029943-c49f-472d-84ad-e6b857140ccf,User_445,user445@example.com,2025-07-20 20:27:34,False
bf7239f3-ea28-485a-a974-3c76e8252ea4,User_446,user446@example.com,2025-07-20 20:27:34,True
a697128c-0a37-4b50-a1b3-d61af92e3db5,User_447,user447@example.com,2025-07-20 20:27:34,False
c1ac48a3-a52f-4dee-ad96-c061cb7fe173,User_448,user448@example.com,2025-07-20 20:27:34,True
52a26ffd-0e4d-4b43-a926-bd2dd93451f0,User_449,user449@example.com,2025-07-20 20:27:34,False
28d9aaea-3254-462e-965b-c53d863f23b2,User_450,user450@example.com,2025-07-20 20:27:34,True
0944e665-b3b0-4fc0-b9e2-71eb8ae66f97,User_451,user451@example.com,2025-07-20 20:27:34,False
b5d39d3c-43f8-4161-b97e-db77cc195d1c,User_452,user452@example.com,2025-07-20 20:27:34,True
ca6fe9c3-c155-4beb-8290-79d1b5bc1792,User_453,user453@example.com,2025-07-20 20:27:34,False
43b2fe15-85ec-4c8f-8240-6cd8129c9ac6,User_454,user454@example.com,2025-07-20 20:27:34,True
d84f8361-0b48-4434-8af9-adacc5ca6920,User_455,user455@example.com,2025-07-20 20:27:34,False
f0f52d30-70f3-4f69-b538-0b67239e446f,User_456,user456@example.com,2025-07-20 20:27:34,True
a7decb8e-615c-4519-bf05-6145020108f6,User_457,user457@example.com,2025-07-20 20:27:34,False
569484a7-df99-4544-a7d2-5866e204d1ae,User_458,user458@example.com,2025-07-20 20:27:34,True
a82c33fc-c910-4d81-b331-3a00c44e7169,User_459,user459@example.com,2025-07-20 20:27:34,False
7e0c0b6d-59ee-453d-bd55-61b84af6cbd6,User_460,user460@example.com,2025-07-20 20:27:34,True
89eaf0ef-6f3d-4336-ac3d-238b3609362c,User_461,user461@example.com,2025-07-20 20:27:34,False
5cbc4328-5d29-41be-9cb9-5d05cdeeffee,User_462,user462@example.com,2025-07-20 20:27:34,True
55e4fa2a-17ff-4bd5-b2a3-a20c81c7ca35,User_463,user463@example.com,2025-07-20 20:27:34,False
b56873dd-2a68-48f2-9fa7-0c4b925c4267,User_464,user464@example.com,2025-07-20 20:27:34,True
882adba9-3884-4183-ad19-b1440dcdaa38,User_465,user465@example.com,2025-07-20 20:27:34,False
ff07c8c9-ad54-4297-9b3a-1ab52bcf9d1b,User_466,user466@example.com,2025-07-20 20:27:34,True
a5b9b0b3-34d3-416d-9ecc-7aba097c880b,User_467,user467@example.com,2025-07-20 20:27:34,False
5958ddd9-fa06-4d19-bad0-f1e7d7061df1,User_468,user468@example.com,2025-07-20 20:27:34,True
e17333bb-4e76-41ba-9c0f-64043ff2432d,User_469,user469@example.com,2025-07-20 20:27:34,False
359c75b8-9160-410a-b8bf-f57e983b5af8,User_470,user470@example.com,2025-07-20 20:27:34,True
dd909ab8-f055-4817-8676-3e3f0368b52c,User_471,user471@example.com,2025-07-20 20:27:34,False
1ebd6178-cdc2-443d-9742-b93b5020c936,User_472,user472@example.com,2025-07-20 20:27:34,True
23eb1b18-785c-46a8-9029-cbbb51a613d3,User_473,user473@example.com,2025-07-20 20:27:34,False
41d16e9f-f4f2-49c2-b896-d19e864c8809,User_474,user474@example.com,2025-07-20 20:27:34,True
3195cbd9-5485-4dbb-a9a4-18ebd07f0d8e,User_475,user475@example.com,2025-07-20 20:27:34,False
0459f4b1-3b5b-4d8f-8385-8637a1f61390,User_476,user476@example.com,2025-07-20 20:27:34,True
1b1fe736-ddc2-4640-91f1-a94f67489c98,User_477,user477@example.com,2025-07-20 20:27:34,False
50320fb9-e50b-4c70-8ebf-80a75b25d34c,User_478,user478@example.com,2025-07-20 20:27:34,True
9d15b973-c416-417d-8233-84db288431e7,User_479,user479@example.com,2025-07-20 20:27:34,False
49e40c7e-572e-4d22-acdc-e8543d9c9fd3,User_480,user480@example.com,2025-07-20 20:27:34,True
80f09881-f7c6-4cbb-8bb0-427703b01f6f,User_481,user481@example.com,2025-07-20 20:27:34,False
14d5eafe-b828-4961-b79e-1aecac8d0bc9,User_482,user482@example.com,2025-07-20 20:27:34,True
c55bc302-eb8b-4bbb-888c-668fec51e94a,User_483,user483@example.com,2025-07-20 20:27:34,False
6ca22f66-5c20-4b70-b700-0d0a2273bd83,User_484,user484@example.com,2025-07-20 20:27:34,True
80b49450-cc91-418e-b73f-1aa06c5e63c2,User_485,user485@example.com,2025-07-20 20:27:34,False
b72a473b-2a1b-47eb-8431-aa4f6c2292b7,User_486,user486@example.com,2025-07-20 20:27:34,True
0ee79872-0851-451e-93d2-e31fec36799c,User_487,user487@example.com,2025-07-20 20:27:34,False
5fe40996-1b28-4df8-9208-77cd7c3631e2,User_488,user488@example.com,2025-07-20 20:27:34,True
4e6646b9-682f-4618-a235-6b93b8dad090,User_489,user489@example.com,2025-07-20 20:27:34,False
415fbcc3-b23f-41a6-81bd-97dda08083c6,User_490,user490@example.com,2025-07-20 20:27:34,True
70199c84-1fb4-49b7-aff5-18ffd77faa64,User_491,user491@example.com,2025-07-20 20:27:34,False
c947efc4-115a-4952-bbeb-c1b8eeae81bf,User_492,user492@example.com,2025-07-20 20:27:34,True
95c3a51b-80d1-495a-aa5e-9071ca1dc80f,User_493,user493@example.com,2025-07-20 20:27:34,False
b47e2562-f075-4ef8-8c4b-845aa227e4c7,User_494,user494@example.com,2025-07-20 20:27:34,True
f39c019c-abeb-4458-8ffe-72bec79c30ad,User_495,user495@example.com,2025-07-20 20:27:34,False
61015ace-3a93-44f3-a2cf-ec628c12a519,User_496,user496@example.com,2025-07-20 20:27:34,True
72a59ae4-45e3-42a4-a8e3-92bb7c39abbf,User_497,user497@example.com,2025-07-20 20:27:34,False
2648475e-af98-41ef-999a-b4975c2afb0d,User_498,user498@example.com,2025-07-20 20:27:34,True
56e2d4e2-7c8c-4c25-ac31-f249ba11e7d4,User_499,user499@example.com,2025-07-20 20:27:34,False
38453187-36c3-4502-8002-d41f8fa8d039,User_500,user500@example.com,2025-07-20 20:27:34,True
d3bafc2f-556f-4e22-bfb3-6dc7506d85a6,User_501,user501@example.com,2025-07-20 20:27:34,False
0991a76d-0f31-40e9-bb34-74ce133dfa06,User_502,user502@example.com,2025-07-20 20:27:34,True
9d38ee9f-0022-4494-87c0-0279f77d9a6f,User_503,user503@example.com,2025-07-20 20:27:34,False
f0df5c45-d114-41e5-9967-19f0898034ff,User_504,user504@example.com,2025-07-20 20:27:34,True
0cfcd32e-aa27-4b7d-a6b8-ea96ca6d2f76,User_505,user505@example.com,2025-07-20 20:27:34,False
451e8cc6-91b2-4e3e-ae8f-79169520bd7b,User_506,user506@example.com,2025-07-20 20:27:34,True
4e653b26-5ac5-4942-9f86-c97cfb8c01af,User_507,user507@example.com,2025-07-20 20:27:34,False
e5d86257-5fde-48aa-ae52-995968e954f4,User_508,user508@example.com,2025-07-20 20:27:34,True
8d3b278c-597d-4b93-8a6e-b906b4f37536,User_509,user509@example.com,2025-07-20 20:27:34,False
5483f584-4164-4361-b27a-3100fff8a3f0,User_510,user510@example.com,2025-07-20 20:27:34,True
a3fba524-e1c7-4b3e-9631-7d829d721f07,User_511,user511@example.com,2025-07-20 20:27:34,False
d46c2546-b102-456b-856e-f15e44986f99,User_512,user512@example.com,2025-07-20 20:27:34,True
2c262f6d-cb3c-45e1-bda6-a02761066b49,User_513,user513@example.com,2025-07-20 20:27:34,False
f0086bef-dd17-44ee-9c92-47f75b41be62,User_514,user514@example.com,2025-07-20 20:27:34,True
fd4c5de7-ed86-463c-9309-8ca7dbc7f156,User_515,user515@example.com,2025-07-20 20:27:34,False
b1baabcd-974c-4f65-a828-13904597d5ec,User_516,user516@example.com,2025-07-20 20:27:34,True
76c2be8b-e820-4c09-8e52-3272a4dcf8cc,User_517,user517@example.com,2025-07-20 20:27:34,False
d0a5f903-3f4d-4bfd-8940-1aa04b553fc7,User_518,user518@example.com,2025-07-20 20:27:34,True
fc443f76-28bb-4e47-9d78-44115261523c,User_519,user519@example.com,2025-07-20 20:27:34,False
2ddbe428-cda7-47fc-9435-fdafadf6a27f,User_520,user520@example.com,2025-07-20 20:27:34,True
d51978f7-5c22-416e-89f7-4e8f4a08bbbb,User_521,user521@example.com,2025-07-20 20:27:34,False
9b54073a-6c24-424c-a383-993b1e2cb13f,User_522,user522@example.com,2025-07-20 20:27:34,True
da3151ae-780f-4852-86c8-701f298fa33d,User_523,user523@example.com,2025-07-20 20:27:34,False
faaafb37-22de-432a-8893-97baf666669c,User_524,user524@example.com,2025-07-20 20:27:34,True
ccc2036d-d1e5-4fc3-bd17-63c56bdac5d7,User_525,user525@example.com,2025-07-20 20:27:34,False
dd84c48d-9907-4612-8a54-2a1e75a1ea55,User_526,user526@example.com,2025-07-20 20:27:34,True
c150ee6b-7f10-4d50-abcd-d1c443990ca4,User_527,user527@example.com,2025-07-20 20:27:34,False
7296e50b-d5ca-49af-94ba-28519f4176cd,User_528,user528@example.com,2025-07-20 20:27:34,True
14a8bd47-412a-49b7-b3e7-36a9d3a4c5b2,User_529,user529@example.com,2025-07-20 20:27:34,False
5ac7f52c-d73a-444a-9a94-b67d0110068e,User_530,user530@example.com,2025-07-20 20:27:34,True
1308fc0d-5d32-438a-bfe4-940b48f7c7ec,User_531,user531@example.com,2025-07-20 20:27:34,False
9281a40e-e184-46aa-9ddd-03c6cafdbf6d,User_532,user532@example.com,2025-07-20 20:27:34,True
b8b97e5c-e57e-4d17-8812-f2c385b93915,User_533,user533@example.com,2025-07-20 20:27:34,False
f430f72d-b7b6-43d6-b3f2-38e3ec4b9a27,User_534,user534@example.com,2025-07-20 20:27:34,True
0e880c20-c8d8-4503-b803-521c4c7099e7,User_535,user535@example.com,2025-07-20 20:27:34,False
33639c97-dcd1-448d-82a0-2aa571d11fcd,User_536,user536@example.com,2025-07-20 20:27:34,True
6f4a8bcc-2e8c-47c7-9c36-87ca7c5007cb,User_537,user537@example.com,2025-07-20 20:27:34,False
f6249c6c-43b4-4543-9b70-515cb3438f90,User_538,user538@example.com,2025-07-20 20:27:34,True
d1309071-a129-44de-9f03-859b417c1f15,User_539,user539@example.com,2025-07-20 20:27:34,False
d1ffe2ae-415a-437c-b04a-57c5e0ec2774,User_540,user540@example.com,2025-07-20 20:27:34,True
77af9df4-5ab0-4fc1-8cac-7ee7607e4c9a,User_541,user541@example.com,2025-07-20 20:27:34,False
04f80ef3-8aca-4ada-b6f6-244fc0dc793d,User_542,user542@example.com,2025-07-20 20:27:34,True
060d4ded-237e-4b15-9945-8bc488ed01aa,User_543,user543@example.com,2025-07-20 20:27:34,False
26b79d24-beaa-4860-a727-3a6375959d7f,User_544,user544@example.com,2025-07-20 20:27:34,True
81e449ee-ed98-4ea8-b5ed-17bb59023cad,User_545,user545@example.com,2025-07-20 20:27:34,False
3a49c751-ed57-4554-a069-b4406a718878,User_546,user546@example.com,2025-07-20 20:27:34,True
ebc8d7b1-5c8e-4cc6-bcd1-a4a46d43f364,User_547,user547@example.com,2025-07-20 20:27:34,False
39049984-ef94-4b4f-ad1f-64727c4db069,User_548,user548@example.com,2025-07-20 20:27:34,True
df8303cf-8116-4988-bca5-617c935fd27c,User_549,user549@example.com,2025-07-20 20:27:34,False
acd24a97-1c3e-4fee-ad2f-d4a739221391,User_550,user550@example.com,2025-07-20 20:27:34,True
a8c616d5-59e1-4e97-be3e-6ecf5cbc97d7,User_551,user551@example.com,2025-07-20 20:27:34,False
8bddf597-333a-44ad-818a-fd603e551c67,User_552,user552@example.com,2025-07-20 20:27:34,True
a54e7584-43db-4563-b475-9da36250bc0f,User_553,user553@example.com,2025-07-20 20:27:34,False
f32b900f-c358-4ced-8fb3-4371368625f4,User_554,user554@example.com,2025-07-20 20:27:34,True
076fb578-d9d1-47bf-8efc-9e97eb84fc8e,User_555,user555@example.com,2025-07-20 20:27:34,False
8b1d04a4-a756-40db-999c-568e4816c1ba,User_556,user556@example.com,2025-07-20 20:27:34,True
2fa4b489-0de8-40dc-916f-f31dd8eb8664,User_557,user557@example.com,2025-07-20 20:27:34,False
769497eb-ae75-4e99-adda-2f9579032026,User_558,user558@example.com,2025-07-20 20:27:34,True
012a9f40-8ed6-45ec-9679-f72e116be66e,User_559,user559@example.com,2025-07-20 20:27:34,False
7b8f5e8c-d047-4eac-9929-8a1991648c95,User_560,user560@example.com,2025-07-20 20:27:34,True
8cc26a40-095a-4b7d-96fd-18f20cc3e14d,User_561,user561@example.com,2025-07-20 20:27:34,False
a3538484-fd93-4f2f-8d01-79cc11a4dc83,User_562,user562@example.com,2025-07-20 20:27:34,True
e652da0b-6bb7-44f1-88b6-ab77ae65e4f8,User_563,user563@example.com,2025-07-20 20:27:34,False
7497f848-93e9-4819-aff1-f4f9a05b2435,User_564,user564@example.com,2025-07-20 20:27:34,True
ab8c4fd8-a5e0-4bbc-9f70-4095b977211a,User_565,user565@example.com,2025-07-20 20:27:34,False
eadb8997-e339-418b-bdd0-494bb268e533,User_566,user566@example.com,2025-07-20 20:27:34,True
cac7dd22-d704-46fa-a9c3-656c507d96fb,User_567,user567@example.com,2025-07-20 20:27:34,False
6e48e5d5-fecf-48fb-a3a8-d46c6aa93525,User_568,user568@example.com,2025-07-20 20:27:34,True
ab778cc9-5c74-4804-988f-cd7ff9a40cf9,User_569,user569@example.com,2025-07-20 20:27:34,False
f8158026-a241-4e55-8336-1831f136dafa,User_570,user570@example.com,2025-07-20 20:27:34,True
445ddb84-3447-45f3-9432-9279952838f8,User_571,user571@example.com,2025-07-20 20:27:34,False
cce40c5c-0513-4f66-9836-7d54f22958b4,User_572,user572@example.com,2025-07-20 20:27:34,True
5714e285-5348-446d-82ca-a6c1971ba81e,User_573,user573@example.com,2025-07-20 20:27:34,False
28b59340-a242-41ef-94e6-73556fb0b6e6,User_574,user574@example.com,2025-07-20 20:27:34,True
87f83e2e-9607-45d5-a21b-28fc08390e15,User_575,user575@example.com,2025-07-20 20:27:34,False
f5cd69f9-f6a9-4ae6-8065-dc023fdc5b33,User_576,user576@example.com,2025-07-20 20:27:34,True
de92da97-79ff-4e1c-8d17-577a3b306901,User_577,user577@example.com,2025-07-20 20:27:34,False
2cbc0ac0-a9b2-4ec5-8dfc-623b9fa18128,User_578,user578@example.com,2025-07-20 20:27:34,True
a2e6a02b-62c3-45ff-85e1-d11f21bb2626,User_579,user579@example.com,2025-07-20 20:27:34,False
9a427d65-b9d5-47b9-9316-b0466bb27ec6,User_580,user580@example.com,2025-07-20 20:27:34,True
ace3d23d-04f1-42f4-8af0-dc769266f21e,User_581,user581@example.com,2025-07-20 20:27:34,False
90edea18-ee91-499c-bd9f-7f623b51da9f,User_582,user582@example.com,2025-07-20 20:27:34,True
3e2408dc-b77b-4b46-b846-e8372efc78bc,User_583,user583@example.com,2025-07-20 20:27:34,False
ea9afbaf-b526-4472-8664-d77dd819b998,User_584,user584@example.com,2025-07-20 20:27:34,True
82b818ad-5d37-4207-8582-7fb56e6f2da9,User_585,user585@example.com,2025-07-20 20:27:34,False
c23b7dfb-9206-4e5b-8ec3-66394a879e2c,User_586,user586@example.com,2025-07-20 20:27:34,True
486460b9-1fe8-4669-babf-40c0986f8fbd,User_587,user587@example.com,2025-07-20 20:27:34,False
e75a9291-e19f-4b49-81e2-b426dae8a89f,User_588,user588@example.com,2025-07-20 20:27:34,True
a3370985-ff67-441a-8673-2049db9dfe9a,User_589,user589@example.com,2025-07-20 20:27:34,False
c76d5c98-84e0-455c-809d-3d3bc4fc5e3b,User_590,user590@example.com,2025-07-20 20:27:34,True
9c36e846-5cb2-47d8-b103-7056b57767e8,User_591,user591@example.com,2025-07-20 20:27:34,False
2de0aace-6734-42ca-b7fa-9e84790c4f33,User_592,user592@example.com,2025-07-20 20:27:34,True
67dba3b2-3d2b-489b-9294-1d232ca1d0ee,User_593,user593@example.com,2025-07-20 20:27:34,False
b7b73652-902c-4ad9-b50a-d15ae04553fb,User_594,user594@example.com,2025-07-20 20:27:34,True
817aeea7-e818-43ac-9afe-95c6c6b0ceeb,User_595,user595@example.com,2025-07-20 20:27:34,False
e4152d11-c3e3-4f33-bf9a-1916ebb6ffae,User_596,user596@example.com,2025-07-20 20:27:34,True
9aac659a-fc59-4fa5-b18e-aaa749380c29,User_597,user597@example.com,2025-07-20 20:27:34,False
a9331161-1d1e-471f-8b66-928f3891a6ef,User_598,user598@example.com,2025-07-20 20:27:34,True
8ca2151e-aa5e-4788-8aae-5f6fd9df504e,User_599,user599@example.com,2025-07-20 20:27:34,False
